Amplitude,Beyond1Std,Con,MaxSlope,MedianAbsDev,MedianBRP,PairSlopeTrend,Rcs,Skew,SmallKurtosis,Std,StestonK,VariabilityIndex,meanvariance,class
63.29651116653228,27.58620689655172,inf,99.76226473776708,37.087065194313226,57.62711864406779,266.66666666666663,9.220088541375398,6.206132671363872,124.28450142524336,21.76292690475984,13.037723202965571,96.0403749128097,326.41596601190355,Be_lc
5.187759203061363,4.99999999999999,,99.19403536477829,6.534245758865103,21.428571428571427,200.0,0.6274745093321304,6.188886857051292,2.2071497064918884,1.0728256194488668,1.5680711819745417,74.67489319680135,181.386694098987,Be_lc
29.840390200939694,33.33333333333333,,99.44968097491173,30.47923522580513,1.3513513513513526,0.0,27.357918883105512,110.38553964675808,51.70446756562107,25.851415514540697,3.255886780547946,51.906485810360785,131.20195106248204,Be_lc
38.45059703399197,49.99999999999999,,54.109557147725155,8.430438448437522,6.666666666666673,0.0,15.898314321060688,46.218722241507216,58.877657994394596,36.32095159741727,24.866242438069538,35.273617455053966,23.28008381998817,Be_lc
49.203197021505595,4.166666666666671,600.0,99.88822753649248,6.471245406937749,32.142857142857146,1200.0,32.65769764868374,12.130002171630522,120.00960050911672,17.40284763335315,4.402979339865376,99.29948435102304,127.22838700657145,Be_lc
49.20983638158266,62.5,,96.91860112568494,41.91344801956773,8.955223880597025,133.33333333333331,220.67872027312268,51.18100070320722,51.85624578151929,45.0248793934574,3.8442339642786236,63.7466123732928,95.30810209966567,Be_lc
6.286546668932952,6.666666666666673,200.00000000000009,99.65837589347359,30.81896716847477,6.818181818181825,266.66666666666663,7.065587053698483,5.341752908003664,1.185067605577962,3.810272869910962,0.7469436423842842,66.19571715815977,32.749513683833214,Be_lc
23.48340917094609,19.354838709677423,inf,99.56739185736471,5.255939938505083,20.58823529411765,200.0,14.620523065696954,3434.7457159141663,166.17574659251838,13.176892877363992,2.204650409377368,96.7664838405814,29.856242279440075,Be_lc
19.10978859792472,10.256410256410266,,91.1104755466856,13.316619098426271,16.666666666666682,200.0,3.25178711256671,9.68548234744024,31.339796480041095,3.713037158315673,2.172940801235512,88.14148213919106,25.82485157002305,Be_lc
63.419503709141104,19.04761904761905,inf,99.27093958066344,1.517220535390874,50.0,800.0,82.40365830828752,122.54951810314341,96.97555116020014,37.65677580758921,18.41193362139254,89.22266894902597,41.758373488823956,Be_lc
67.02641149123794,42.857142857142854,inf,99.40457001115827,43.680684862926014,37.5,39.99999999999999,31.791275582384955,5.367623874065078,81.68440182970363,44.70036563748455,5.9534915929536165,80.36670748150479,138.2980949444275,Be_lc
73.96051364795774,119.04761904761904,inf,98.69302555547732,32.69010393633141,64.91228070175438,66.66666666666666,76.38401360056616,194.65220643544862,116.22976944014786,50.43785291492813,14.083594004829305,91.37061301387402,91.39928629735334,Be_lc
42.57196078802917,4.99999999999999,,93.6344954223612,2.026229724711747,13.333333333333329,200.0,9.10663305325636,192.79654605009318,264.0326012103615,15.472589062057118,2.3457021636546194,54.77982969987026,30.719196238459702,Be_lc
70.82354044055828,73.6842105263158,inf,99.85293347978028,20.49264189702216,76.3888888888889,480.00000000000006,72.05680391212056,385.3156281735647,102.4118036393231,40.54589898750235,21.694026524722354,99.3894646575684,44.42284831400076,Be_lc
67.95976334872431,94.11764705882351,,97.3010478364805,2.091005330812561,62.19512195121951,600.0,65.13533619623989,102.34825724536292,104.63618992480707,38.908164216851674,32.3356625770342,86.81208633246588,8.431072498425799,Be_lc
69.85526237345695,26.086956521739122,,99.4304527707441,15.797374627909472,44.44444444444446,333.33333333333337,26.211632955736253,174.56158172461156,110.6528085534633,40.39005258725147,9.583802389561825,95.74162205499628,202.14690570326744,Be_lc
71.22315160931845,107.69230769230772,inf,99.96822027927857,20.182139223126143,69.87951807228916,800.0,23.389287516147064,77.51563234385608,99.3225423072923,38.81339446344563,32.12840609066838,95.78134456377913,1006.7295971888148,Be_lc
54.352917296677845,17.39130434782609,,95.02882690721563,27.174778332992393,35.714285714285715,66.66666666666667,28.411378594805587,691.598997081237,110.26635801625366,23.591111002210326,9.197031444992724,75.11654591783139,43.917886157846745,Be_lc
22.223770294588622,12.903225806451607,,93.4958719667098,4.739091398757909,30.76923076923077,200.00000000000009,4.730022735907407,3.3213629486654948,26.749274901367983,6.588168575486194,1.9558394814780582,81.93226221895318,8.624247694661952,Be_lc
57.424259189238384,4.347826086956525,inf,98.7994069368196,34.33519415400642,20.3125,66.66666666666666,47.70083890004772,69.0646135870827,72.81257373536847,28.791325271467574,7.053987691508214,91.75618483628617,84.35355414761091,Be_lc
0.0004232491628983556,0.0,,59.301170104117496,1.3365176112764798,0.0,0.0,0.6265896655471797,1.6986628838791529,0.5861077433930236,0.021137892232677175,0.13032102475182347,0.4932678868418725,3.9826823353352654,CEPH
4.857782406620288,0.0,,56.49136893853166,0.09766066365943156,5.263157894736847,0.0,5.8813427062307815,4.643446841975313,3.9770348840993686,3.2762550082453283,0.15394883392566933,4.081333195115874,5.9692218733310485,CEPH
0.3724228419605686,4.255319148936162,,12.456539976313055,1.64916790589672,8.000000000000009,0.0,11.23155162197386,8.439072053433186,5.3863571054798784,3.204880642402457,0.9139896561242852,1.1398176186107911,22.112820533872476,CEPH
0.03140146411480302,0.0,,74.78217272149267,4.053315700927499,4.99999999999999,0.0,12.098727632008073,1.8400595334000232,2.6949443431804614,1.849170951153676,0.6450487454083302,9.237728411022207,16.43203193854497,CEPH
1.2509042768150112,8.163265306122446,,42.60453504506451,2.070817157594837,7.142857142857128,0.0,3.687804323429686,7.063085032706742,2.7456984671115983,3.267112905082899,0.2369183108602801,7.283248658003713,9.019762173251165,CEPH
0.7806297008322078,0.0,,0.4997997599010152,0.8120106427735873,0.0,0.0,0.102203677567449,0.3927807816158555,0.0481433314994964,0.12044273906436605,0.008987343248295391,0.05009234438419153,0.6712240172621596,CEPH
0.04095142576483145,5.357142857142862,,64.78513562644612,4.764626163362026,4.166666666666658,0.0,0.6567364074637428,8.701690604750747,1.7447157832508406,3.2969286767057984,0.2961522223115335,4.971270172020787,3.326842309541264,CEPH
13.426683991678876,2.6315789473684235,,99.5290716295217,7.030907460670849,7.500000000000008,0.0,10.061374449836183,48.88234585915575,252.68766979772755,7.370112031714539,1.6717846892479178,2.077254704640291,25.687562057131085,CEPH
2.183554024630162,4.347826086956525,,0.7265437178089067,8.653963093298547,4.761904761904753,0.0,3.925050422860839,12.115064726755008,5.688400625361947,3.2267225053516544,0.2916303309091397,7.111358566785108,17.707980469168703,CEPH
0.113717397835312,2.380952380952383,,73.19486420057855,1.0729361356955571,5.263157894736847,0.0,2.117661811986605,2.71395945518968,0.5374793080004215,0.3093748461689606,0.10387035391860376,0.4279830045159171,3.9555055412653233,CEPH
7.762978074087745e-05,2.9411764705882377,,63.07605272474326,1.863200448995916,17.64705882352941,0.0,1.9342815320431637,9.80419741732195,2.010370340117507,2.1607865188774307,0.28563384965294986,0.08322858984381222,5.023986628659405,CEPH
2.0273689258362837,0.0,,34.568291004388875,9.612837582042573,0.0,0.0,5.76774412557995,10.553477319089572,2.5335050157623358,2.5275150832873066,0.3000009782794716,4.157272527211888,6.349586419406631,CEPH
12.252000234439931,12.5,,82.7029023373108,2.0763211245118844,6.250000000000004,66.66666666666666,8.090447359966541,8.20280339496233,1.284343136618762,6.534097145519731,0.2413543099123556,8.653413287083414,41.867254335554094,CEPH
18.544532697065165,6.382978723404249,,60.929482880785464,4.116985818521743,0.0,0.0,49.004797253583014,19.105223533767084,1.3830087673832565,6.423441273042796,0.8574263671982468,6.644420263401082,72.67747439578275,CEPH
1.0461769131123733,8.33333333333333,,36.455162329514756,4.180659370303471,11.11111111111112,0.0,6.548819952912925,18.5470186720477,2.9905025385155457,3.715942022780328,0.4627516528367872,6.507360819535174,11.547161399447107,CEPH
3.502098843660515,6.666666666666661,,35.90434396663141,7.156844693075364,0.0,0.0,0.31497212611262426,11.343472812490873,7.4164113575590225,3.04164531471613,0.07679464536441527,4.4108892429943305,126.45655328789431,CEPH
17.870421820393048,7.317073170731714,,54.32870501435363,4.3254318212794916,14.285714285714285,0.0,6.935008373284197,26.381724029771885,17.139047716747278,7.00250923603189,0.5511611208138399,1.0465341017856271,9.073776306761633,CEPH
11.413961352806568,7.692307692307699,,1.0370656275889691,1.0801905934764802,14.285714285714285,0.0,5.846089771794857,3.911367943056248,10.464290880446471,1.704978548280721,1.1180876858144966,2.642494867649877,4.858461333980405,CEPH
3.5516549175203216,0.0,,50.95580927383494,2.7330999880997915,5.263157894736847,0.0,5.995149121916847,3.8246417265777537,9.124902194908255,3.0168557311742736,0.4303453354021213,3.61631071279907,122.65641654872002,CEPH
3.0145358119185524,4.347826086956525,,27.83941046886619,15.888479081126547,15.789473684210524,0.0,7.001227036717024,54.24318440281864,3.1093176375657143,4.013306465778748,0.3508459640512125,4.897108019402956,17.52614210276899,CEPH
77.76498367588425,92.85714285714285,inf,99.23903158487528,16.301320508971028,46.913580246913575,200.0,294.07593570929083,80.8816709470178,98.70726585239346,64.99799361684167,35.63832735148277,29.01136325963035,107.12174709466551,EB
27.402540548021157,8.333333333333341,,96.88119254035726,7.744673180591537,27.58620689655172,0.0,26.61174327789961,146.0332234162198,128.5574701533153,14.51360477798993,4.369202416554608,10.054982565311708,83.25222570812224,EB
11.84969257919281,5.8823529411764754,,92.07769994030748,19.764739108258066,4.166666666666671,0.0,4.668576027255407,7.8958021056375305,23.17513966823564,6.364549104422461,0.844771811143768,4.749312026102727,2.817495231725512,EB
42.02023898043032,21.428571428571427,inf,90.28431188279512,4.551818033609885,13.157894736842106,0.0,53.12301314006941,36.040950035687324,55.41271660583026,40.77831102014414,14.776706835295766,27.310393187915665,118.74089677364071,EB
15.504433705153927,28.571428571428577,,91.07595996718165,17.45981783736033,7.317073170731714,0.0,97.51290781164623,134.18517243757583,80.13915773278516,27.37038950637876,15.722603850295114,40.74679015553939,82.93995877065483,EB
38.58710786543721,18.518518518518523,,95.6835013998825,30.836245801785,1.6949152542372898,400.0,26.5266042720145,60.688385382877094,161.07454761798513,36.693914967979346,3.5699159186573826,32.52945317928999,16.829317661788696,EB
60.528654782234824,9.523809523809533,inf,99.51574953456644,15.072965763202415,31.42857142857143,200.00000000000009,51.26837090379707,45.78110598057935,82.77191802932394,44.14158936268911,5.686532142695517,38.643481022197975,142.2635014878805,EB
71.29128939061171,25.0,,99.7619641494267,29.301353305088288,27.058823529411764,120.0,233.65871819817082,32.50672198848343,47.93341400942678,65.32908483152458,12.942458075782659,5.9538592573726055,143.50026744182978,EB
31.32544430763135,15.0,,98.33622398393663,19.500696608176693,9.090909090909099,66.66666666666666,58.29265455406194,70.30076875100521,35.800233275069324,35.170507078269374,3.352958028060123,22.70449094689949,63.00467943462938,EB
62.842743804094575,20.0,inf,95.22549191033005,36.28005167193518,35.384615384615394,57.14285714285714,95.69320718945964,279.6964148688451,73.8191105742478,47.211468081145476,6.709219101759348,39.653663764880854,48.294135456964256,EB
22.66985847843833,38.46153846153845,,92.94927308364788,16.264892858825153,6.172839506172844,0.0,97.80822710188885,48.64213365927947,0.6739068486256518,28.86828803534615,6.191526235303953,29.48449552129682,61.70408153212468,EB
49.650169337497424,20.000000000000004,,29.967734360986363,5.797615801990854,21.05263157894737,200.0,15.164024792795827,32.55381779889113,22.76138306267756,21.80039054844818,4.068491798933811,6.448287241040981,126.16280191383088,EB
14.740310001915846,11.538461538461537,,83.67211634467292,7.6140884503381425,13.20754716981132,0.0,17.474602573470044,2.310327579812272,0.1092436549895882,13.339229905703466,3.3636849151142587,8.510219192265351,422.9842943280397,EB
11.857856288440988,0.0,0.0,20.239841536965507,0.07971149726096992,2.3255813953488387,0.0,9.266378108417632,4.945256827345139,14.949106213127713,3.8673762411241417,1.2925279692489062,4.9044174078096034,20.18648939998105,EB
23.40849209658192,25.00000000000001,,96.1352561006538,27.097134031573443,5.263157894736847,0.0,12.11680715913719,3.544035778612681,1.0801467191972975,21.18061612599089,2.900579197559884,23.958776458386367,29.723068039205298,EB
1.4169608444929362,0.0,,12.049066823382153,3.148711078284137,1.1904761904761916,0.0,2.9483534730559047,4.511566283928465,10.798456688442274,1.0012451622144702,2.991529781673833,6.265014197748282,25.207976665679954,EB
11.986960311762932,9.090909090909086,,75.31981110470997,15.284792803103493,6.5573770491803325,400.0,20.21633293538611,10.471042102017398,44.06355208633173,18.912431869850387,2.4590946189945595,22.582467567944274,143.0348684513213,EB
44.04360924677019,9.523809523809518,,97.24911677545968,49.459430408663366,3.2786885245901667,200.00000000000009,8.131061150411481,13.568814168772342,15.924621835118385,43.275934109011004,8.734011184776426,31.198183433373323,190.95980667716591,EB
0.22928902575878746,4.3478260869565135,,86.23876116914305,16.339110867527513,16.071428571428562,0.0,9.688341828226193,0.9145651421304258,43.07192917354145,11.965755408580275,0.9447180896398087,16.313795309953427,85.60038260899191,EB
74.65713429824996,56.25,inf,99.24624182335941,64.99034457296139,32.857142857142854,200.0,55.606679297854306,23.52794801709797,76.11975846330171,63.27006342328254,3.7078912592260473,58.05974164305323,146.67012450974354,EB
1.2709644821978907,0.0,0.0,54.29814189039874,0.15570495896845646,6.451612903225811,0.0,1.4054637588058283,3.8598159030893777,28.00352938479795,0.11092207709861784,0.0892151115896358,3.8064649343760175,10.774653207521503,longperiod_lc
1.5704051882839891,0.0,50.0,64.58473391127896,2.6804976987026543,3.5714285714285547,0.0,2.019955136736612,0.23465169644081216,9.103593353619024,1.228031124630217,0.04992110140893263,0.18559868411787134,1.1042975306605605,longperiod_lc
0.4183359428311457,0.0,,69.76936555227377,8.937781934858844,0.0,0.0,5.373430172664176,4.35551884479527,14.134689671634913,1.175624035865676,0.507873728222399,1.2613344847701888,16.41867601552772,longperiod_lc
22.729716440898056,5.555555555555562,,89.27759055874837,0.08812867433300592,25.64102564102565,0.0,7.089020155219281,214.6965843928384,296.6927110323132,5.230639117071756,1.3402516708137424,3.6098536119267286,12.915538690119714,longperiod_lc
11.824380590832567,4.761904761904753,,99.50573504789631,2.2463061189147258,0.0,0.0,7.507416001082835,1868.1189383555966,2.5437476971746,2.7019082163138948,0.32957644099441963,0.5173905556885924,41.03530322643263,longperiod_lc
13.828838600252096,8.333333333333341,,97.91839404773873,7.293231288106691,3.1250000000000027,0.0,4.822472883489612,484.01049353112563,95.69790502777936,12.390308989233432,1.6715331005499836,17.429735127627197,25.084039087956928,longperiod_lc
0.6917752568470209,7.407407407407392,100.0,98.26277930330765,5.604654850353496,7.894736842105257,0.0,0.22267667864619967,1603.848105735381,4.220253822423066,0.4076525581780432,0.3795753896676883,8.710678125357497,84.65225961926755,longperiod_lc
0.9395310278241044,8.57142857142858,,91.63416097780649,2.974228236858776,6.451612903225811,200.00000000000009,0.7804477734220212,1.1075272633005822,12.171266615142274,1.1463346750787304,0.6526356595322532,2.0392854497501416,4.66738900527329,longperiod_lc
1.2462074114660229,0.0,,75.69535947081377,0.6073953033036473,0.0,0.0,0.1148718000038906,0.6367753487614622,0.030178174013519694,0.2333310263924139,0.014017694039220846,0.6824884306777491,2.179306564706595,longperiod_lc
5.796017402546713,0.0,0.0,85.44181122942886,0.7715310491447815,0.0,0.0,3.3436362991856616,6.998918282477818,11.326627467721904,1.6938491738514927,0.5308443208720252,3.094202216335842,2.9135294309009105,longperiod_lc
5.129559211636316,3.1250000000000027,0.0,88.6392416653092,4.535048950942039,7.692307692307699,66.66666666666667,5.728655289042803,7.970595380443951,1.1235124503061196,2.6031352390910314,1.4215571469350607,14.342660439252855,8.523833372988989,longperiod_lc
0.015162221735224557,0.0,,89.22941077977997,3.779305136580093,3.2258064516129057,0.0,0.10079940476517334,2.111862303112731,0.6904375057562887,0.04723864507667151,0.15593688231543992,0.4200324009379672,3.474159089766191,longperiod_lc
11.83223446076848,3.3333333333333366,0.0,97.1169452900848,9.004531538804212,7.692307692307684,0.0,5.228077095954571,170.225831644847,59.1420894083899,2.9366323451513074,0.14952525740383793,4.260843389348064,18.99024694906688,longperiod_lc
26.722945669842343,8.333333333333341,,95.72230232753742,9.037024342358604,18.6046511627907,0.0,0.9324745738720808,184.12015405915372,490.9068096220514,3.22293714775532,1.9116222748062284,41.186023429917825,24.603424161782346,longperiod_lc
34.37386748947713,13.793103448275875,,97.56467615611916,5.534915545497086,26.530612244897963,0.0,7.024174979058411,57.59920303239476,169.11713541292318,7.0789498924370875,3.398234532575248,8.664417950534139,71.07221417041305,longperiod_lc
0.06359367787054432,3.703703703703707,,94.60548840594019,2.6914135510881865,0.0,22.222222222222214,0.915505801374484,1.16607318722148,3.290772798476386,0.26130031312301016,0.7411812468113639,18.308683708482906,4.982454039109882,longperiod_lc
0.03797196975714846,0.0,,6.532015450582403,0.6663741837223075,2.4999999999999885,0.0,6.1474081211550535,45.474431301844255,3.97737351487128,0.9573421810582048,0.10205352580492676,0.07970041406738643,51.421761770120284,longperiod_lc
23.927006209396747,3.1250000000000027,,94.40568607159544,6.606976069377638,20.930232558139533,0.0,8.80238000243149,16.615215005428222,164.89561907501601,15.074159361227998,2.3176473779453666,9.746390043940533,37.62827809681525,longperiod_lc
3.6255306893086807,8.333333333333325,,90.5226486451057,4.695412377320149,2.9411764705882377,66.66666666666667,4.3597651602596565,6.583483548704362,1.9270261818246504,1.4270144153128514,0.6734251789867011,10.68216035042572,8.168061285230705,longperiod_lc
45.990835201577255,42.857142857142854,,88.15574645746995,35.827669394480424,3.1914893617021187,400.0,48.831845839933116,1691.998149382488,68.72912339341696,30.108419617387252,1.5185290398424207,24.05485856625519,100.09879347933158,microlensing_lc
52.76210809507871,91.30434782608695,,99.94881742881573,99.56290587230083,38.028169014084504,3000.0,148.4466698205402,1181.062425519975,1400.1516082051776,59.928303632457066,56.356427285527246,53.058646761889975,138.84541985138085,microlensing_lc
90.74515790904265,184.61538461538458,,99.99841777368094,72.07616467308875,65.82278481012658,2800.0,162.68882095617838,106.52196613358906,104.50999734309113,78.56483220810837,37.79448135441882,98.54280314235014,24.402569377796144,microlensing_lc
48.07521811026403,50.0,inf,93.4334376162745,36.93914338356153,6.249999999999992,80.0,82.79549140640495,8.734044776877722,40.32900875258952,25.17919649951312,9.994450053279225,84.45922547729113,75.71437956266827,microlensing_lc
95.6787561802123,20.0,inf,99.94919134016274,93.88093402912935,16.0,1066.6666666666665,812.9245223604672,45.74459176457275,68.56875554383522,90.82791570380348,4.046381786605055,98.90418382238859,98.61775137791815,microlensing_lc
61.81414151001072,8.69565217391305,inf,94.08987995019423,61.8017217930523,4.000000000000004,400.0,382.787074922172,665.3815129439063,64.37695894124457,52.96787493402376,3.5180945120917237,84.20221819536278,93.23495018229208,microlensing_lc
31.1213721765098,2.6315789473684235,200.00000000000009,97.52123331555666,54.439327799257185,8.974358974358966,400.00000000000017,17.007846684227363,64.78397154631125,95.69947959511137,15.883715440008006,11.72824671101474,54.78625327538239,87.52123140720165,microlensing_lc
93.70272914183373,94.73684210526315,,99.95569578817087,62.23237769489835,36.764705882352956,142.85714285714286,516.7228415438684,168.49877813897092,127.5297970791275,84.9987490046342,31.392710666388577,99.33066979507888,87.18705913013424,microlensing_lc
80.27208249918887,116.66666666666669,inf,99.53417950193041,70.09399423719168,35.714285714285715,266.66666666666663,21.435912318150415,16.771921987650188,79.80937670303838,62.02740676576425,16.524600684464062,93.73412950595258,752.3267658068451,microlensing_lc
67.87865052331946,78.57142857142857,inf,99.99194662077616,97.2366665590562,14.285714285714285,1200.0,11.532020532857855,186.3827043926149,208.2637041016148,61.34880909143561,42.06718091935054,89.31659538638229,53.77148714441324,microlensing_lc
64.09029679559353,47.058823529411754,inf,98.4023727034408,61.31679778604383,10.958904109589039,66.66666666666667,54.394625974422766,531.2656313164331,102.52293296302324,53.07892213225392,8.824836622995974,93.4543896410819,48.28755592719632,microlensing_lc
28.678218288506898,8.69565217391304,,95.73561454426329,46.46543475552639,10.144927536231895,39.99999999999999,16.298270787115694,190.10774301362338,103.66299538746807,44.18933739994154,4.373102613370556,39.449954603121256,198.01931001450572,microlensing_lc
63.33785539847264,77.7777777777778,,99.6479115293656,39.37813610518507,1.0989010989011,200.0,258.2931502247272,221.6992078453226,55.05147636149189,65.35183962465207,21.618869824973878,39.26769462364369,96.1573594450376,microlensing_lc
82.7329884813173,100.0,inf,96.1270886613924,63.596812443887494,36.507936507936506,39.99999999999999,229.46341197320172,216.41574847356583,91.83166317702991,70.63668172897025,14.336719568456061,87.00046235320933,93.79990176052567,microlensing_lc
94.95442528933931,128.57142857142856,inf,99.609919078432,83.95655456291294,39.285714285714285,933.3333333333333,215.33416823375626,98.36592883572928,99.68804708735908,89.08070059663794,31.18456620881165,98.26766325632505,59.21628636445265,microlensing_lc
52.886428364560736,50.0,,96.97524762616852,58.61736516191093,6.666666666666661,66.66666666666666,12.288612129345898,175.82022137352996,159.1810011449844,43.623048218601305,19.530700337084735,56.471797548344895,79.91080639789902,microlensing_lc
96.15801886154742,160.0,inf,99.79807382062626,79.99680716129951,59.550561797752806,160.00000000000003,117.72425072308587,66.91963957896427,93.11875133854214,91.59608404747148,55.39625974085782,91.7755011590382,198.4975697339677,microlensing_lc
54.89733348660375,17.857142857142858,inf,99.80927295294417,76.92814495232096,34.615384615384606,800.0,354.65325433268987,534.4885765475427,572.4185722648906,60.46945340238407,13.773721486398596,90.2152604062585,83.42802802759178,microlensing_lc
96.35877653092258,25.00000000000001,inf,99.95925787986107,97.00881409298931,14.285714285714285,866.6666666666665,289.7401655258939,219.37254367709124,47.15333574335632,92.13417662025536,2.3153806825394248,97.49943549463228,121.09479751569721,microlensing_lc
69.3097526963298,37.5,inf,92.61867956574898,54.59575030923812,25.92592592592593,200.00000000000009,62.899457862624296,10.150913730254956,39.34140466567776,48.798658890670296,1.9723976794785487,87.47753881875795,36.912890601114285,microlensing_lc
10.260316598604176,10.52631578947368,inf,90.19832868546541,25.68191747021996,16.129032258064512,66.66666666666667,12.478622749606904,42.05383004432052,88.21793367052177,12.005027413177462,6.9832698877655925,62.8863908245578,186.88865983909355,non_variables
98.29474376576346,216.66666666666669,,99.99990942710971,82.8217570024768,61.904761904761905,320.0,3044.219410393791,93.43771072911088,109.14836015656107,95.89038001399678,56.10156076774489,99.85657531857115,99.2148819301326,non_variables
59.33918587491686,20.000000000000004,inf,87.70558450741562,29.955854495664834,1.0869565217391313,200.00000000000009,1.7696333972489775,751.2286603639647,76.91358904935312,48.051342898482616,4.439357253718034,50.234318388439064,186.71289275621345,non_variables
89.36651954859596,135.29411764705878,inf,99.9801114309003,67.67672345983368,61.42857142857142,800.0,708.9847121377579,121.45938212474199,110.04213855327879,82.70244666772977,30.092543558261557,97.60864380808529,95.942276460148,non_variables
75.79520691615393,5.263157894736847,inf,99.5980907340929,64.03227974220148,24.00000000000001,333.33333333333337,244.13674305216273,437.5647677049895,45.33447206599014,66.52927324130425,5.6358722686261284,87.13997059315494,118.30443970885595,non_variables
91.48801867530031,107.69230769230772,,99.96740388448133,62.42591013133997,59.77011494252874,600.0,613.8592426471394,114.6628610235082,98.90443418815615,82.63885242355458,58.754079571756535,86.32208896795072,94.2141060160327,non_variables
92.95430704549929,149.99999999999997,inf,99.97993362977785,77.07243310412795,45.555555555555564,0.0,458.88590098734977,80.76112218935043,97.51432804914741,84.12703237414995,36.95708327375206,94.79442677926777,114.27251261450412,non_variables
50.346344902499425,21.428571428571434,,76.75581684072267,38.34325531735189,0.0,0.0,469.40222811238607,362.16818652706456,66.1034142156589,43.65191107827939,7.572873094865695,34.19608909927019,97.91673057078779,non_variables
48.56021187151388,52.6315789473684,inf,99.7297043734569,46.19691984574079,2.6666666666666687,160.0,375.7583725676428,264.8621673381917,24.22753900754569,41.261250588754564,2.094421446249915,75.89451309966144,107.16681817084051,non_variables
70.19913062393944,9.090909090909086,inf,99.91105843929405,65.95843807247962,15.909090909090912,133.33333333333331,98.39467706435715,269.10059380511194,5.189883212825255,51.28054082069114,5.3506502804705445,60.04788193745265,91.24343911816204,non_variables
96.94971427553902,137.5,inf,99.99954325764094,90.20733464385016,53.48837209302325,240.00000000000003,4969.088314087036,164.592531050497,64.86228328505075,95.09987238836537,22.906107089889808,98.62072004613869,98.57007381796299,non_variables
0.3060302151249568,10.52631578947368,,89.02374127985561,13.974397697351945,10.937499999999993,200.00000000000009,35.96081125669972,3.0582092407122063,42.740416244668175,15.459432101483905,0.6089287296759875,23.92945011140667,186.556172170627,non_variables
95.64684088617204,200.00000000000009,inf,99.98506037521938,76.61746852918925,61.03896103896104,1000.0,3089.2065935122914,84.98587859380883,112.1355048691392,91.7270488705148,33.13025137182709,98.8085765845215,97.03490686675451,non_variables
52.12202050360931,21.428571428571427,inf,94.32496687659278,43.54261235979452,0.0,0.0,113.13668269684362,29.872177527373392,85.25690554786333,44.73752562319441,0.3744529078654896,78.66087184608986,81.05434934429098,non_variables
97.9710855877341,235.7142857142857,,99.99125628979236,73.50412341759528,67.44186046511628,600.0,1920.1646405877696,57.766815689827595,108.99515200898665,93.2947217118202,70.16011116750971,99.62220851870985,96.205841287825,non_variables
44.722533991573314,63.63636363636365,,98.41142719239123,35.565279226925455,1.07526881720429,66.66666666666667,133.16614492255837,508.33914292626486,69.44522424016716,25.79096794303731,15.731957694327251,46.229402483875816,96.24106105143171,non_variables
93.65469140112494,146.66666666666669,,99.9289579639164,52.68840011683225,78.16091954022987,0.0,223.24170009856925,94.61779768747955,104.95256135130104,81.425824281469,57.03610680462256,88.97881015535332,84.8965990230081,non_variables
3.8717562192090846,25.0,,84.12915272266193,41.29956705671741,6.896551724137938,66.66666666666666,16.886871463022448,36.78620068458759,87.67335789001007,22.718086690510674,12.027673801484035,14.624819706113474,16.74573817414408,non_variables
98.90549961780347,111.76470588235293,,99.99778572910627,97.89810519849756,38.23529411764706,1000.0,3888.3248346648493,134.07943971739772,121.09102384470438,97.68536470037004,34.77935889553252,98.99445936713256,98.20741787735466,non_variables
69.59654157189439,18.75,,99.15280989706423,49.30484359297332,9.756097560975606,200.00000000000009,972.0278525622293,562.9079314739597,200.7009707562769,67.24007904362725,6.6639882850895855,63.90875299093121,99.95034597484086,non_variables
60.63554343502464,100.0,inf,99.17701735477655,19.548643435317672,34.920634920634924,800.0,62.50826329326375,95.4020185999427,107.2808383108065,42.007895341448695,26.081445399947853,93.697649247939,75.88950816884501,quasar_lc
74.18887978732097,72.72727272727273,,99.87773728712747,17.57625247352154,55.88235294117647,80.0,13.308840455954089,116.13819596230482,114.61573740065334,45.687514376748155,22.248829745483302,86.61540993052894,454.10613570265764,quasar_lc
45.207174047310616,29.032258064516128,,98.487362382337,27.34478281865221,26.82926829268292,600.0,30.75938419474335,1058.28822120906,682.3550271092736,27.930204945901572,4.906264313057268,85.68914961298118,52.778526081185504,quasar_lc
52.91121634015396,24.0,inf,99.96187182244137,22.428609958495898,24.137931034482754,800.0,57.522784877728995,175.9707733247315,84.52180193532034,33.57568634286749,4.185089871147303,89.46059609962711,80.23462505674317,quasar_lc
41.778613437329724,5.8823529411764754,,95.5767235631472,6.110685397785172,13.513513513513512,66.66666666666667,2.6279984869835555,100.87033952504387,167.32307560018785,13.172309982708938,5.1779153573046335,71.86404453499445,36.780270806341385,quasar_lc
40.72785364448831,11.42857142857144,,99.96677489918342,14.398728016948606,17.5,142.85714285714286,9.71054315397882,141.17659584573528,372.31631869126517,12.689855329971433,0.6029635513682188,92.91085303124868,1.2789143814757995,quasar_lc
56.29145819009421,18.518518518518512,,96.327452514151,11.255397826140339,35.18518518518519,800.0,42.286369198701294,136.86706126788056,120.5788448371488,23.57118309746193,8.5371359737341,86.52428714298028,48.736659469068705,quasar_lc
46.35029422335265,25.0,0.0,94.53163367641777,11.555339334470126,20.967741935483872,400.0,16.55661995648659,30.776948025659948,69.28062343747102,23.536207326890068,7.581321064228933,72.24543568472583,49.271759045456044,quasar_lc
31.635768386883672,0.0,inf,98.92969359597737,54.5537376828196,7.272727272727258,0.0,42.19720276685099,52.336586896750624,72.97694627973537,27.200424621681808,1.8022988120844667,89.20031197486563,74.15079546141051,quasar_lc
42.490523687006146,8.823529411764696,,96.5098894761013,17.381118533915878,22.72727272727272,133.33333333333331,24.627738682156874,264.18003050605324,219.64021114756372,18.193893821527183,10.369040475297489,81.53516775713116,63.276873348260615,quasar_lc
19.99929690934942,0.0,inf,95.28617488837885,16.938679487185176,3.6363636363636385,200.00000000000009,3.8867640025663435,18.538891303855408,42.24184226994209,9.250603862576506,2.4468214321535435,59.908966666092255,4.636292238147179,quasar_lc
75.13760938962206,26.92307692307693,,98.1645667985032,58.977536030335514,20.967741935483872,1800.0,107.322911055009,67.48021834253821,123.23070995759548,43.867433201337356,21.88822961801499,97.90614152854151,91.40959191961096,quasar_lc
91.7758303953228,223.07692307692304,,99.68685675123642,35.93332141145997,72.82608695652173,600.0,239.3998860776304,117.59469333434444,105.41637656498199,71.07542308674438,55.488855968303874,97.79330979506508,99.05201901572414,quasar_lc
36.29030167301923,14.634146341463413,,99.3167300795544,9.447779502075244,3.703703703703707,0.0,10.947027234956922,667.8133388005974,32.152671986658696,7.544222846408227,0.935117668762556,94.29170462646557,59.44750648033047,quasar_lc
71.7100464961741,40.00000000000001,inf,99.6043551443026,44.52456354023778,34.84848484848485,200.0,100.63490380178526,153.69644845927343,96.31015242660496,55.846450958663866,18.56115128201746,95.86425527395323,122.51343249417569,quasar_lc
75.29992938406502,170.0,,95.79435120221143,16.31232220211145,65.82278481012658,120.0,7.482014332981062,100.23127428300774,103.92363585498184,47.634783705891415,31.792291456011977,88.03398735297058,599.1062378898291,quasar_lc
44.808635018845116,70.9677419354839,,99.93100583254021,35.02467549666365,15.789473684210524,66.66666666666667,46.034071327001755,187.8943599123428,1115.150474549085,19.96900182865472,8.70578837650194,97.86181166521034,70.50522997136683,quasar_lc
58.39584151221232,41.66666666666668,inf,99.48318421029995,17.693326542144252,57.446808510638284,600.0,50.65404350945633,337.8679145641647,178.3152163281154,41.0283378181856,13.225979378731056,97.5916184457653,68.14641876966195,quasar_lc
30.14015077343328,5.000000000000004,,99.85382574320677,4.183624905173232,19.230769230769237,0.0,7.388799880224528,23.96320704354413,78.9812871768532,5.879965948980128,2.5292939032180564,84.47836514087057,77.87870767513313,quasar_lc
92.93890145403137,218.18181818181816,inf,99.80488963482382,57.36261954477642,73.25581395348838,466.6666666666666,218.62097322442767,40.85687913758278,104.60105201108595,83.83017744404813,54.94045289962195,99.00521054132022,82.89986148875354,quasar_lc
44.982415045499735,13.636363636363635,,96.99011631828604,43.07586385745455,6.4935064935064855,200.0,388.18277986169517,271.77508987900904,192.88609631205966,53.091046280498034,2.7813015574961057,26.82413453656169,84.81978539684795,RRL
42.664683420427984,5.4054054054054115,,94.12070718129087,10.8809784342641,36.734693877551024,66.66666666666667,42.425787989526455,26.250960738508216,166.07225062151124,28.251863699271752,6.15452131452636,30.909449254910957,143.11578222401252,RRL
53.37567321618625,74.99999999999997,,98.29526302733922,35.846127460653406,23.913043478260878,200.0,48.29723067606557,132.39779968281343,130.025650549784,44.23265509235775,7.554671039392889,35.864011148248345,172.89473676504753,RRL
13.573726566838365,2.9411764705882213,,97.80304568579905,13.668488515541705,9.374999999999991,200.0,98.14686593534731,604.0322714151896,173.2931359877573,18.508606579728237,2.0092061487961725,36.298646051155146,58.134524709577214,RRL
46.01887094944053,6.250000000000004,,98.86668985276472,44.513202629847605,8.57142857142858,0.0,126.80776931289513,147.47392029655632,459.54929528880007,40.56331926003833,2.788302482740077,54.37774450878771,76.22611109625394,RRL
67.40876513474157,13.793103448275854,,99.64521588861014,35.88187215062432,43.33333333333333,0.0,144.4328401280776,62.325488686832465,136.4435268233789,40.68875649350143,11.156741032623529,66.01379492012825,100.84332242205349,RRL
1.626427594664576,5.4054054054054115,,97.9503307544517,1.1234715681701364,18.18181818181818,66.66666666666667,41.75200980512814,27.116887871004604,69.07867824487836,11.393915340285306,4.682068782533009,26.2949279952929,31.572620002141925,RRL
87.47058151119745,371.4285714285714,,98.3969498904585,42.704056679047106,63.736263736263744,200.00000000000009,232.9727083192237,95.55520076885405,101.29213076705594,72.64824479721716,61.10613705774829,18.686262908948084,116.70226779844636,RRL
47.16245721925807,3.030303030303033,,93.96032310281521,42.67404959642518,29.62962962962961,28.57142857142857,124.65073349847427,289.71747727527475,43.876430477263966,37.92523938548745,6.138887982219623,38.94039769419498,64.79171211729094,RRL
43.77867148344187,9.090909090909099,,95.17833626394938,20.985251635090176,40.54054054054054,133.33333333333331,135.54313739374496,66.29681422521033,135.07049100588543,29.42368292428616,5.194923758200195,38.42503656504976,81.908415270049,RRL
71.2159878077539,16.666666666666682,,97.18393990459795,39.93818356408332,47.94520547945205,80.0,151.84429977761147,92.27232645755413,94.12358327847122,55.5700430760729,17.361746569210162,38.49678028850888,78.93776020015503,RRL
86.80019448903067,88.88888888888891,,99.58155135115204,59.943875927396014,50.64935064935065,80.0,146.3045188082551,133.8922690061647,103.19192727180004,78.71687539615647,26.835135375524107,62.131254886907385,61.84227598854661,RRL
27.598855218102194,7.692307692307699,inf,62.30064248354492,16.823442285752584,4.597701149425292,0.0,43.226016235325176,89.79841038880807,48.87427994046875,22.963496045581962,9.60473383322984,39.43342355915202,107.29145813792887,RRL
15.599719507471374,69.23076923076923,inf,79.26510236237591,21.06881078008689,9.41176470588236,0.0,69.69784920994128,226.91774060820248,105.1083338864138,7.894763772756593,22.540977784485396,82.23249452281605,84.44101093261699,RRL
63.807279078009174,40.90909090909091,,99.00721218638591,26.827237746099552,47.61904761904761,120.0,70.73561389523094,101.34303009844722,105.45601330197191,39.20722559247485,12.04891387686415,50.217508459460106,46.874641127294254,RRL
32.595229740036395,7.894736842105257,,89.85387078080433,10.829556700825943,44.230769230769226,0.0,103.58899889673141,66.6868427979215,168.14553677451119,12.630980507161011,3.4459471840321347,16.672883707152213,86.5978925993127,RRL
45.1332393598506,21.05263157894737,,98.43809446106042,8.261826628409622,45.283018867924525,0.0,72.43228211731557,402.90685596439795,124.11866629170255,19.97117788437734,5.9973634263117335,28.54632605855852,67.2365678748951,RRL
78.51164983994207,153.33333333333334,,98.60741314026579,42.18599935368038,49.27536231884058,0.0,292.75492398300094,108.59547179340206,104.01778358362972,67.05803270109915,26.79569390841939,64.9471262170497,140.6928924474715,RRL
87.02940851867962,325.0,,99.70350588076694,66.40393597118346,51.72413793103448,133.33333333333331,202.891209893862,104.65469545484757,100.68482296821007,79.22562851522865,50.469312569375184,60.6853495551387,113.41337642352218,RRL
67.06341619133444,55.555555555555586,inf,99.12995201698263,54.39507501722104,30.158730158730158,0.0,22.65134740500908,175.15613691356785,83.35368429234221,52.68075479300583,4.383778611314047,19.96202637578445,522.3400185442515,RRL
